{
    "pools": [
      {
        "rolls": 1,
        "entries": [
          {
            "type": "minecraft:item",
            "weight": 1,
            "name": "minecraft:crossbow",
            "functions": [
              {
                "function": "minecraft:set_damage",
                "damage": {
                  "min": 0.01,
                  "max": 0.5
                }
              },
              {
                "function": "minecraft:enchant_with_levels",
                "levels": {
                  "min": 15,
                  "max": 25
                },
                "treasure": false
              }
            ]
          }
        ]
      }
    ]
}